order_id, product_name 
1,2076 
1,4785 
1,5793 
1,6338 
1,9484 
2,2076 
2,2564 
2,5793 
2,6395 
2,9484 
2,9994 
3,5793 
3,9484 
4,2076 
4,2564 
4,5793 
4,6395 
4,9994 
5,2076 
5,9484 
6,2564 
6,5793 
6,6395 
6,9994 
7,2076 
7,2564 
7,5793 
7,6395 
7,9484 
7,9994 
8,2076 
8,2564 
8,5016 
8,5793 
8,6395 
8,9484 
8,9994 
9,2076 
9,2564 
9,5793 
9,6395 
9,9484 
9,9994 
10,2076 
10,2564 
10,9484 
10,9994 
11,2564 
11,5793 
11,6395 
11,9994 
12,2076 
12,4785 
12,5793 
12,6338 
12,9484 
13,2076 
13,5016 
13,9484 
14,2076 
14,2564 
14,5793 
14,6395 
14,9484 
14,9994 
15,2076 
15,2564 
15,5016 
15,5793 
15,6338 
15,6395 
15,9484 
15,9994 
16,2564 
16,5793 
16,6395 
16,9994 
17,2564 
17,5793 
17,6395 
17,9994 
18,5793 
18,6338 
18,9484 
19,2076 
19,2564 
19,5016 
19,5793 
19,6395 
19,9484 
19,9994 
20,2564 
20,4785 
20,5793 
20,6338 
20,6395 
20,9484 
20,9994 
21,2076 
21,5793 
21,6338 
21,9484 
21,9994 
22,2076 
22,2564 
22,5793 
22,9484 
22,9994 
23,2076 
23,9484 
24,2076 
24,2564 
24,5793 
24,6395 
24,9484 
24,9994 
25,2076 
25,5016 
25,9484 
26,2564 
26,5793 
26,6395 
26,9484 
26,9994 
27,2076 
27,5793 
27,9484 
28,2076 
28,2564 
28,5793 
28,6395 
28,9484 
28,9994 
29,2076 
29,2564 
29,5793 
29,6395 
29,9484 
29,9994 
30,2076 
30,5793 
30,6338 
30,6395 
30,9484 
31,2564 
31,5793 
31,6395 
31,9994 
32,2076 
32,5016 
32,5793 
32,9484 
33,2076 
33,5016 
33,5793 
33,9484 
34,2076 
34,5016 
34,9484 
35,2076 
35,5793 
35,6395 
35,9484 
35,9994 
36,2076 
36,2564 
36,5016 
36,5793 
36,6395 
36,9484 
36,9994 
37,2076 
37,2564 
37,5793 
37,6395 
37,9484 
37,9994 
38,2076 
38,2564 
38,5016 
38,5793 
38,6395 
38,9484 
39,2564 
39,5793 
39,6395 
39,9994 
40,2076 
40,2564 
40,5793 
40,6395 
40,9484 
41,2076 
41,4785 
41,5016 
41,5793 
41,6338 
41,9484 
42,2564 
42,5793 
42,9994 
43,2076 
43,2564 
43,5016 
43,5793 
43,6395 
43,9484 
43,9994 
44,2076 
44,2564 
44,5793 
44,6395 
44,9484 
44,9994 
45,2076 
45,2564 
45,4785 
45,5016 
45,5793 
45,6338 
45,6395 
45,9484 
45,9994 
46,2076 
46,9484 
46,9994 
47,5793 
48,2076 
48,2564 
48,4785 
48,5016 
48,5793 
48,6338 
48,6395 
48,9484 
49,5793 
49,6395 
50,2564 
50,5793 
50,9994 
51,2076 
51,2564 
51,5793 
51,6395 
51,9484 
51,9994 
52,2076 
52,4785 
52,5793 
52,6338 
52,9484 
53,2564 
53,4785 
53,5793 
53,6338 
53,6395 
53,9994 
54,2076 
54,9484 
55,2076 
55,2564 
55,5016 
55,5793 
55,6395 
55,9484 
55,9994 
56,2564 
56,5016 
56,5793 
56,6395 
57,2076 
57,9484 
58,2076 
58,9484 
59,2076 
59,2564 
59,5793 
59,6395 
59,9484 
59,9994 
60,2076 
60,2564 
60,5016 
60,5793 
60,6395 
60,9484 
60,9994 
61,2564 
61,5793 
61,6395 
61,9994 
62,2076 
62,5016 
62,6338 
62,9484 
63,2076 
63,2564 
63,6395 
63,9484 
64,5016 
64,5793 
64,9484 
65,2076 
65,5793 
65,9484 
66,2564 
66,5793 
66,6395 
66,9484 
67,2076 
67,9484 
68,2076 
68,9484 
69,2076 
69,2564 
69,5016 
69,5793 
69,6395 
69,9484 
69,9994 
70,9484 
71,2076 
71,2564 
71,4785 
71,5016 
71,5793 
72,2564 
72,5793 
72,9484 
72,9994 
73,2076 
73,4785 
73,6338 
73,9484 
74,2076 
74,5793 
74,6395 
74,9484 
74,9994 
75,2076 
75,2564 
75,6395 
76,2076 
76,9484 
77,2076 
77,9484 
78,2076 
78,4785 
78,5016 
78,5793 
78,6338 
78,9484 
79,2076 
79,9484 
80,2076 
80,5793 
80,9484 
81,2076 
81,5016 
81,5793 
81,9484 
82,2076 
82,5016 
82,9484 
83,2564 
83,5016 
83,5793 
83,6395 
83,9994 
84,2564 
84,5793 
84,6395 
84,9994 
85,2076 
85,9484 
86,2076 
86,2564 
86,5793 
86,6395 
86,9484 
86,9994 
87,2076 
87,5016 
87,5793 
87,9484 
88,2076 
88,5016 
88,9484 
89,2076 
89,9484 
90,2076 
90,2564 
90,5793 
90,6395 
90,9484 
90,9994 
91,2076 
91,9484 
92,2076 
92,2564 
92,5016 
92,5793 
92,6395 
92,9484 
92,9994 
93,2076 
93,5793 
93,6395 
93,9484 
94,2076 
94,2564 
94,5016 
94,5793 
94,6395 
94,9484 
94,9994 
95,2076 
95,2564 
95,5016 
95,5793 
95,6395 
95,9484 
95,9994 
96,2076 
96,9484 
97,2076 
97,4785 
97,5016 
97,5793 
97,6338 
97,9484 
98,2076 
98,2564 
98,5793 
98,6395 
98,9994 
99,2076 
99,2564 
99,5793 
99,6395 
99,9994 
100,2076 
100,9484 
101,2076 
101,2564 
101,5016 
101,5793 
101,6395 
101,9484 
101,9994 
102,2076 
102,2564 
102,5793 
102,6395 
102,9484 
102,9994 
103,2076 
103,2564 
103,5793 
103,6395 
103,9484 
103,9994 
104,2564 
104,5793 
104,6395 
104,9994 
105,2564 
105,5793 
105,6395 
105,9994 
106,2076 
106,5793 
106,9484 
107,2076 
107,2564 
107,5793 
107,6395 
107,9484 
107,9994 
108,2564 
108,5016 
108,5793 
108,6395 
108,9484 
108,9994 
109,2076 
109,5793 
109,6395 
109,9484 
110,2076 
110,2564 
110,5793 
110,9484 
111,5793 
111,9484 
112,2076 
112,2564 
112,4785 
112,6338 
112,6395 
112,9484 
112,9994 
113,2076 
113,5016 
113,5793 
113,9484 
113,9994 
114,2076 
114,2564 
114,5793 
114,6395 
114,9484 
115,2564 
115,6395 
115,9994 
116,2076 
116,2564 
116,5793 
116,9484 
116,9994 
117,2076 
117,2564 
117,5793 
117,6395 
117,9484 
117,9994 
118,2076 
118,4785 
118,5016 
118,5793 
118,6338 
118,9484 
119,2076 
119,2564 
119,5793 
119,6395 
119,9484 
119,9994 
120,2076 
120,2564 
120,5793 
120,6395 
120,9484 
120,9994 
121,2564 
121,6395 
121,9994 
122,2076 
122,2564 
122,5016 
122,5793 
122,6338 
122,6395 
122,9484 
122,9994 
123,2076 
123,2564 
123,5793 
123,9484 
123,9994 
124,2076 
124,2564 
124,5016 
124,5793 
124,6395 
124,9484 
125,2076 
125,5016 
125,5793 
125,9484 
126,2564 
126,5793 
126,6395 
126,9994 
127,2076 
127,2564 
127,5793 
127,6395 
127,9484 
127,9994 
128,2564 
128,5016 
128,5793 
128,6395 
128,9994 
129,2076 
129,5793 
129,9484 
130,2076 
130,2564 
130,4785 
130,5793 
130,9484 
130,9994 
131,2076 
131,2564 
131,5016 
131,5793 
131,9484 
132,2076 
132,2564 
132,4785 
132,5016 
132,5793 
132,6338 
132,6395 
132,9484 
132,9994 
133,2076 
133,4785 
133,5793 
133,6338 
133,9484 
133,9994 
134,2564 
134,5793 
134,6395 
134,9484 
134,9994 
135,2076 
135,2564 
135,5016 
135,5793 
135,6395 
135,9484 
135,9994 
136,2076 
136,5016 
136,9484 
137,2564 
137,5793 
137,6395 
138,2076 
138,5016 
138,5793 
138,6395 
138,9484 
138,9994 
139,2564 
139,5793 
139,6395 
139,9994 
140,2076 
140,6395 
140,9484 
140,9994 
141,2076 
141,2564 
141,4785 
141,5793 
141,6395 
141,9484 
141,9994 
142,2076 
142,2564 
142,5016 
142,5793 
142,9484 
143,5793 
144,2076 
144,9484 
145,2076 
145,2564 
145,5016 
145,5793 
145,6395 
145,9484 
145,9994 
146,2076 
146,2564 
146,5016 
146,5793 
146,6395 
146,9484 
146,9994 
147,2076 
147,5016 
147,5793 
147,6395 
147,9994 
148,2076 
148,2564 
148,5793 
148,6395 
149,2076 
149,2564 
149,5016 
149,5793 
149,6395 
149,9484 
149,9994 
150,2076 
150,2564 
150,5016 
150,5793 
150,6395 
150,9484 
151,2076 
151,2564 
151,5793 
151,9484 
151,9994 
152,2076 
152,5793 
152,9484 
152,9994 
153,2076 
153,2564 
153,5793 
153,6395 
153,9484 
153,9994 
154,2076 
154,2564 
154,5016 
154,5793 
154,6395 
154,9484 
154,9994 
155,2076 
155,2564 
155,5016 
155,6395 
155,9484 
156,2564 
156,5793 
156,6395 
156,9994 
157,2076 
157,2564 
157,5793 
157,6395 
157,9484 
157,9994 
158,2076 
158,5793 
158,9484 
159,2076 
159,5016 
159,5793 
159,6395 
159,9484 
159,9994 
160,2076 
160,9484 
161,2076 
161,2564 
161,4785 
161,5793 
161,6338 
161,9484 
162,2076 
162,4785 
162,5016 
162,6338 
162,9484 
163,2076 
163,2564 
163,5793 
163,6395 
163,9484 
163,9994 
164,2076 
164,4785 
164,5016 
164,6338 
164,9484 
165,2076 
165,2564 
165,5793 
165,6395 
165,9484 
165,9994 
166,2076 
166,4785 
166,6338 
166,9484 
167,2076 
167,2564 
167,5793 
167,9484 
167,9994 
168,2076 
168,5016 
168,5793 
168,9484 
169,2076 
169,5793 
169,9484 
170,2564 
170,5793 
170,6395 
170,9994 
171,2076 
171,9484 
172,2076 
172,5793 
172,6338 
172,9484 
173,2564 
173,5793 
173,6395 
173,9994 
174,2076 
174,2564 
174,4785 
174,5016 
174,5793 
174,6338 
174,6395 
174,9484 
174,9994 
175,2076 
175,2564 
175,5793 
175,9484 
176,2076 
176,2564 
176,5793 
176,6395 
176,9484 
176,9994 
177,2076 
177,2564 
177,5016 
177,5793 
177,6395 
177,9484 
177,9994 
178,2076 
178,2564 
178,5793 
178,6395 
178,9484 
178,9994 
179,2076 
179,2564 
179,5016 
179,5793 
179,6395 
179,9484 
179,9994 
180,2564 
180,5793 
180,6395 
181,2076 
181,2564 
181,4785 
181,5793 
181,6338 
181,6395 
181,9484 
182,2076 
182,2564 
182,5793 
182,6395 
182,9484 
182,9994 
183,2076 
183,2564 
183,5793 
183,6395 
183,9484 
183,9994 
184,2076 
184,2564 
184,5016 
184,5793 
184,6395 
184,9484 
184,9994 
185,2076 
185,5016 
185,5793 
185,6395 
185,9484 
186,2076 
186,2564 
186,5793 
186,6395 
186,9484 
186,9994 
187,2076 
187,2564 
187,5016 
187,5793 
187,6395 
187,9484 
187,9994 
188,2076 
188,4785 
188,5016 
188,6338 
188,9484 
188,9994 
189,4785 
189,6338 
190,2564 
190,5793 
190,6395 
190,9994 
191,2076 
191,2564 
191,5793 
191,6395 
191,9484 
191,9994 
192,2564 
192,5016 
192,5793 
192,6395 
192,9994 
193,4785 
193,5016 
193,6338 
194,2076 
194,4785 
194,5793 
194,9484 
195,2564 
195,5793 
195,6395 
196,2564 
196,5793 
196,6395 
196,9994 
197,2076 
197,5016 
197,5793 
197,9484 
198,2076 
198,2564 
198,5793 
198,6395 
198,9484 
198,9994 
199,5016 
200,2076 
200,2564 
200,5793 
200,6395 
200,9484 
201,2076 
201,2564 
201,6395 
201,9484 
201,9994 
202,2076 
202,4785 
202,5793 
202,6338 
202,9484 
203,2076 
203,2564 
203,5793 
203,6395 
203,9484 
203,9994 
204,2076 
204,5793 
204,6338 
204,9484 
205,2076 
205,2564 
205,5016 
205,5793 
205,6395 
205,9484 
205,9994 
206,2076 
206,2564 
206,6395 
206,9484 
207,2076 
207,2564 
207,5793 
207,9484 
208,2076 
208,5793 
208,9484 
209,2564 
209,5793 
209,6395 
209,9994 
210,2076 
210,2564 
210,5793 
210,9484 
210,9994 
211,2076 
212,2076 
212,5016 
212,9994 
213,2564 
213,5793 
213,6395 
214,2076 
214,2564 
214,5016 
214,5793 
214,6395 
214,9994 
215,2076 
215,6395 
215,9484 
215,9994 
216,2076 
216,2564 
216,5793 
216,6395 
216,9484 
216,9994 
217,2076 
217,5016 
217,5793 
217,6395 
217,9484 
218,2076 
218,2564 
218,5016 
218,5793 
218,6395 
218,9484 
218,9994 
219,2076 
219,2564 
219,5793 
219,6395 
219,9484 
219,9994 
220,2076 
220,5016 
220,5793 
220,6338 
220,9484 
221,2076 
221,2564 
221,5793 
221,6395 
221,9484 
221,9994 
222,5016 
222,9484 
223,2076 
223,2564 
223,5793 
223,9484 
223,9994 
224,2076 
224,2564 
224,5016 
224,5793 
224,6395 
224,9484 
224,9994 
225,2076 
225,5793 
225,9484 
226,2076 
226,2564 
226,5793 
226,6395 
226,9484 
227,5793 
227,6395 
227,9994 
228,2076 
228,9484 
229,2076 
229,5793 
229,9484 
230,2076 
230,5793 
230,6395 
230,9484 
230,9994 
231,2076 
231,2564 
231,5016 
231,5793 
231,6338 
231,9484 
232,2564 
232,4785 
232,5793 
232,6338 
232,6395 
232,9994 
233,2564 
233,5793 
233,6395 
233,9484 
233,9994 
234,2076 
234,2564 
234,5793 
234,6395 
234,9484 
234,9994 
235,2564 
235,5016 
235,5793 
235,6395 
235,9994 
236,2076 
236,2564 
236,5016 
236,5793 
236,6395 
236,9484 
236,9994 
237,2076 
237,2564 
237,5016 
237,5793 
237,6395 
237,9484 
237,9994 
238,2076 
238,5016 
238,5793 
238,9484 
239,5016 
239,5793 
240,2076 
240,2564 
240,5016 
240,5793 
240,6395 
240,9484 
240,9994 
241,2076 
241,2564 
241,5016 
241,5793 
241,6395 
242,2076 
242,9484 
243,2076 
243,5793 
243,6395 
243,9484 
243,9994 
244,2076 
244,2564 
244,5016 
244,5793 
244,6395 
244,9484 
244,9994 
245,5016 
245,9484 
246,2076 
246,2564 
246,5793 
246,6395 
246,9484 
246,9994 
247,2076 
247,9484 
248,2076 
248,5016 
248,5793 
248,9484 
248,9994 
249,2564 
249,5793 
249,6395 
249,9484 
249,9994 
250,2564 
250,5016 
250,5793 
250,6395 
250,9484 
250,9994 
251,2076 
251,2564 
251,5016 
251,5793 
251,6395 
251,9484 
252,5793 
252,6338 
253,2076 
253,2564 
253,5793 
254,2076 
254,2564 
254,5016 
254,5793 
254,6395 
254,9484 
254,9994 
255,2564 
255,5793 
255,6395 
255,9994 
256,2564 
256,5016 
256,5793 
256,6395 
256,9994 
257,2076 
257,4785 
257,5793 
257,6338 
257,9484 
257,9994 
258,2564 
258,6395 
258,9994 
259,2076 
259,2564 
259,5793 
259,6395 
259,9484 
259,9994 
260,2076 
260,9484 
261,2076 
261,2564 
261,5016 
261,5793 
261,6395 
261,9484 
261,9994 
262,2564 
262,5793 
262,6395 
262,9994 
263,2076 
263,9484 
264,2076 
264,5016 
264,6395 
264,9484 
264,9994 
265,2076 
265,2564 
265,4785 
265,5793 
265,6338 
266,2564 
266,5793 
266,6395 
266,9994 
267,2076 
267,2564 
267,5793 
267,6395 
267,9484 
267,9994 
268,2076 
268,4785 
268,6338 
268,9484 
269,2076 
269,2564 
269,5016 
269,5793 
269,6338 
269,6395 
269,9484 
270,2076 
270,5016 
270,9484 
271,2076 
271,2564 
271,5016 
271,5793 
271,9484 
272,2076 
272,2564 
272,5016 
272,5793 
272,6395 
272,9484 
272,9994 
273,2076 
273,4785 
273,6338 
273,9484 
274,2076 
274,2564 
274,5793 
274,9484 
274,9994 
275,2076 
275,2564 
275,5793 
275,6395 
275,9484 
275,9994 
276,2076 
276,2564 
276,5793 
276,6395 
276,9484 
277,2076 
277,4785 
277,5016 
277,5793 
277,9484 
278,2564 
278,5016 
278,5793 
278,6395 
278,9994 
279,2076 
279,5016 
279,5793 
279,9484 
280,2076 
280,5793 
280,9484 
281,2564 
281,5793 
281,6395 
281,9994 
282,2076 
282,4785 
282,5016 
282,5793 
282,6338 
283,2076 
283,2564 
283,5016 
283,5793 
283,6395 
283,9484 
283,9994 
284,2076 
284,5016 
284,5793 
285,2076 
285,4785 
285,5016 
285,9484 
286,2076 
286,5793 
286,9484 
287,2076 
287,2564 
287,5793 
287,9484 
287,9994 
288,2564 
288,5016 
288,5793 
288,9994 
289,2564 
289,5016 
289,5793 
289,6395 
289,9994 
290,5793 
290,6395 
290,9994 
291,2076 
291,2564 
291,5016 
291,5793 
291,9484 
292,2076 
292,9484 
293,2076 
293,2564 
293,5793 
293,6395 
293,9484 
293,9994 
294,2076 
294,2564 
294,5793 
294,6395 
294,9484 
294,9994 
295,4785 
295,5793 
296,2076 
296,2564 
296,5016 
296,6395 
296,9484 
297,2076 
298,2076 
298,4785 
298,6338 
298,9484 
299,2076 
299,2564 
299,5793 
299,6338 
299,9484 
299,9994 
300,2076 
300,5016 
300,5793 
300,9484 
301,2076 
301,6395 
301,9484 
302,2076 
302,2564 
302,5793 
302,9484 
302,9994 
303,2076 
303,2564 
303,5016 
303,5793 
303,9484 
304,2076 
304,5016 
304,5793 
304,6395 
304,9484 
304,9994 
305,2076 
305,5016 
305,5793 
305,9484 
306,2076 
306,2564 
306,5016 
306,5793 
306,9484 
306,9994 
307,2076 
307,2564 
307,5016 
307,5793 
307,6395 
307,9484 
307,9994 
308,2076 
308,2564 
308,5016 
308,5793 
308,9994 
309,2076 
309,2564 
309,5016 
309,5793 
309,6395 
309,9484 
309,9994 
310,2564 
310,5793 
310,6395 
310,9994 
311,2076 
311,2564 
311,5793 
311,6395 
311,9484 
312,2076 
312,9484 
313,2076 
313,5016 
313,5793 
313,9484 
313,9994 
314,2076 
314,4785 
314,9484 
315,2076 
315,2564 
315,4785 
315,5793 
315,6338 
315,6395 
315,9484 
315,9994 
316,2564 
316,5793 
316,6395 
316,9994 
317,2076 
317,2564 
317,5793 
317,6395 
317,9994 
318,5016 
318,5793 
319,2564 
319,5016 
319,5793 
319,6338 
319,6395 
319,9994 
320,2076 
320,2564 
320,5793 
320,6395 
320,9484 
320,9994 
321,2076 
321,5016 
321,5793 
321,6395 
321,9484 
321,9994 
322,5793 
323,2076 
323,9484 
324,2076 
324,2564 
324,5793 
324,6395 
324,9484 
325,2564 
325,5016 
325,5793 
325,6395 
325,9994 
326,2076 
326,5016 
326,5793 
326,6395 
326,9484 
327,2076 
327,2564 
327,5016 
327,5793 
327,6395 
327,9484 
327,9994 
328,2076 
328,2564 
328,5793 
328,6395 
328,9484 
328,9994 
329,2076 
329,2564 
329,5016 
329,5793 
329,6395 
329,9484 
329,9994 
330,2564 
330,5793 
330,9994 
331,2076 
331,5016 
331,9484 
332,2076 
332,2564 
332,5016 
332,5793 
332,6395 
332,9484 
332,9994 
333,2076 
333,2564 
333,5016 
333,5793 
333,6395 
333,9484 
333,9994 
334,2564 
334,5016 
334,5793 
334,6395 
334,9484 
334,9994 
335,2076 
335,2564 
335,5793 
335,6395 
335,9484 
335,9994 
336,2076 
336,2564 
336,5016 
336,5793 
336,6395 
336,9484 
336,9994 
337,2564 
337,5793 
337,6395 
337,9484 
337,9994 
338,2076 
338,5793 
338,6395 
338,9484 
339,2076 
339,2564 
339,5793 
339,6395 
339,9484 
340,2564 
340,5793 
340,6395 
340,9994 
341,2076 
341,2564 
341,5793 
341,6338 
341,6395 
341,9994 
342,2076 
342,2564 
342,5016 
342,5793 
342,6395 
342,9484 
342,9994 
343,2076 
343,5793 
343,6395 
343,9484 
343,9994 
344,2076 
344,2564 
344,5016 
344,5793 
344,6395 
344,9484 
344,9994 
345,2076 
345,2564 
345,5793 
345,6395 
345,9994 
346,2076 
346,4785 
346,5016 
346,5793 
346,6338 
346,9484 
347,2076 
347,6395 
347,9484 
348,2076 
348,9484 
349,2076 
349,2564 
349,5793 
349,9484 
349,9994 
350,2564 
350,5793 
350,9994 
351,2564 
351,4785 
351,5793 
351,6338 
351,6395 
351,9994 
352,2076 
352,2564 
352,5016 
352,5793 
352,6395 
352,9484 
353,2076 
353,9484 
354,2076 
354,2564 
354,5793 
354,6395 
354,9484 
354,9994 
355,2076 
355,5793 
355,9484 
356,2564 
356,5793 
357,2076 
357,2564 
357,5793 
357,6395 
357,9484 
357,9994 
358,2076 
358,9484 
359,2076 
359,5016 
359,5793 
359,9484 
360,2076 
360,2564 
360,5016 
360,5793 
360,6395 
361,2076 
361,4785 
361,5016 
361,6338 
361,9484 
362,2076 
362,5016 
362,9484 
363,2564 
363,6395 
363,9994 
364,2076 
364,2564 
364,5016 
364,5793 
364,6395 
364,9484 
365,2564 
365,5793 
365,6395 
365,9484 
365,9994 
366,2076 
366,5016 
366,5793 
367,2564 
367,6395 
367,9994 
368,2564 
368,4785 
368,5793 
368,6395 
368,9994 
369,2076 
369,2564 
369,5016 
369,5793 
369,6395 
369,9484 
369,9994 
370,9484 
371,2076 
371,2564 
371,5793 
371,6395 
371,9484 
371,9994 
372,2076 
372,2564 
372,5016 
372,5793 
372,6395 
372,9484 
372,9994 
373,2076 
373,9484 
374,2564 
374,4785 
374,5016 
374,5793 
374,6338 
374,9994 
375,2076 
375,2564 
375,5793 
375,6395 
375,9484 
375,9994 
376,2564 
376,5793 
376,6395 
377,2076 
377,2564 
377,5793 
377,6395 
377,9484 
377,9994 
378,2076 
378,2564 
378,5793 
378,6395 
378,9484 
378,9994 
379,2076 
379,2564 
379,5793 
379,9484 
380,2076 
380,2564 
380,5793 
380,6395 
380,9484 
380,9994 
381,2076 
381,5016 
381,5793 
381,9484 
382,2076 
382,2564 
382,5016 
382,9484 
383,2564 
383,5016 
383,5793 
383,6395 
383,9994 
384,2076 
384,2564 
384,5793 
384,6395 
384,9484 
384,9994 
385,2564 
385,4785 
385,5793 
385,6338 
385,6395 
385,9994 
386,2076 
386,2564 
386,5793 
386,9484 
386,9994 
387,2076 
387,5016 
387,9484 
388,2076 
388,5016 
388,5793 
388,9484 
389,2076 
389,2564 
389,5793 
389,9484 
390,2076 
390,5016 
390,9484 
391,2076 
391,4785 
391,5016 
391,5793 
391,6338 
391,6395 
391,9484 
391,9994 
392,2076 
392,2564 
392,5793 
392,6395 
392,9484 
392,9994 
393,2076 
393,2564 
393,5016 
393,5793 
393,9484 
393,9994 
394,2076 
394,2564 
394,5793 
394,9484 
395,2076 
395,5793 
395,9484 
396,2076 
396,4785 
396,5793 
396,6338 
396,9484 
397,2564 
397,5793 
397,6395 
397,9994 
398,2076 
398,5016 
398,5793 
398,6395 
398,9484 
398,9994 
399,2076 
399,2564 
399,5793 
399,6395 
399,9484 
399,9994 
400,2076 
400,9484 
401,2076 
401,2564 
401,5793 
401,6395 
401,9484 
401,9994 
402,2076 
402,4785 
402,5793 
402,6338 
402,9484 
402,9994 
403,2076 
403,6338 
403,9484 
404,2076 
404,9484 
405,5793 
405,6395 
405,9994 
406,2076 
406,5016 
406,5793 
406,9484 
407,2076 
407,2564 
407,5016 
407,5793 
407,6395 
407,9484 
407,9994 
408,5793 
409,5793 
409,6395 
409,9994 
410,2076 
410,2564 
410,5793 
410,6395 
410,9484 
410,9994 
411,2076 
411,2564 
411,4785 
411,9484 
411,9994 
412,2564 
412,5793 
412,6395 
412,9484 
412,9994 
413,2076 
413,5016 
413,6395 
413,9484 
413,9994 
414,2076 
414,5016 
414,5793 
414,6395 
414,9484 
414,9994 
415,2076 
415,5016 
415,5793 
415,9484 
416,2076 
416,2564 
416,5016 
416,5793 
416,6395 
416,9484 
416,9994 
417,2076 
417,2564 
417,5793 
417,6395 
417,9484 
418,2076 
418,2564 
418,5793 
418,6395 
418,9484 
418,9994 
419,2076 
419,2564 
419,4785 
419,6338 
419,6395 
419,9484 
420,2076 
420,5793 
420,9484 
421,2076 
421,5016 
421,5793 
421,9484 
422,2564 
422,4785 
422,5793 
422,6338 
422,6395 
422,9994 
423,2076 
423,2564 
423,5016 
423,5793 
423,6395 
423,9484 
423,9994 
424,2076 
424,5016 
424,5793 
424,9484 
425,5793 
425,6395 
425,9484 
425,9994 
426,2076 
426,5016 
426,6395 
426,9484 
426,9994 
427,2076 
427,2564 
427,5793 
427,9484 
428,2564 
428,5793 
429,2564 
429,5793 
429,6395 
429,9994 
430,2564 
430,5793 
430,6395 
430,9994 
431,2076 
431,5016 
431,9484 
432,2076 
432,4785 
432,5793 
432,6338 
432,9484 
433,2076 
433,4785 
433,5793 
433,6338 
433,6395 
433,9484 
433,9994 
434,2076 
434,5016 
434,9484 
435,5016 
436,2076 
436,9484 
437,2076 
437,2564 
437,5016 
437,5793 
437,6395 
437,9484 
437,9994 
438,2076 
438,2564 
438,4785 
438,5016 
438,5793 
438,6338 
438,6395 
438,9484 
438,9994 
439,2076 
439,2564 
439,5793 
439,6395 
439,9484 
439,9994 
440,2076 
440,9484 
441,2076 
441,9484 
442,2076 
442,2564 
442,5793 
442,6395 
442,9484 
442,9994 
443,2076 
443,2564 
443,5793 
443,6395 
443,9484 
443,9994 
444,2076 
444,2564 
444,9484 
444,9994 
445,4785 
445,5016 
445,5793 
445,6338 
445,6395 
445,9994 
446,2076 
446,2564 
446,5016 
446,5793 
446,6395 
446,9484 
446,9994 
447,2076 
447,2564 
447,5016 
447,5793 
447,6395 
447,9484 
448,2564 
448,6395 
448,9994 
449,2076 
449,2564 
449,5793 
449,6395 
449,9484 
450,5793 
450,9484 
451,2564 
451,5793 
451,6395 
451,9994 
452,6395 
452,9994 
453,2076 
453,2564 
453,5016 
453,5793 
453,6395 
453,9484 
453,9994 
454,2564 
454,5016 
454,5793 
454,9994 
455,2076 
455,2564 
455,5793 
455,6395 
455,9484 
455,9994 
456,2076 
456,5016 
456,9484 
457,2076 
457,4785 
457,5016 
457,5793 
457,6338 
457,6395 
457,9484 
457,9994 
458,2076 
458,2564 
458,4785 
458,5016 
458,5793 
458,6395 
458,9484 
458,9994 
459,2564 
459,5016 
459,5793 
459,6395 
459,9994 
460,2076 
460,5016 
460,9484 
461,2076 
461,5016 
461,9484 
462,2076 
462,2564 
462,5016 
462,5793 
462,9484 
463,2076 
463,2564 
463,5793 
463,6395 
463,9484 
463,9994 
464,2076 
464,4785 
464,6338 
464,9484 
465,2076 
465,2564 
465,5016 
465,5793 
465,6395 
465,9484 
466,2564 
466,5793 
466,6395 
466,9484 
467,2076 
467,5016 
467,5793 
467,6395 
467,9484 
468,2076 
468,5793 
468,9484 
469,2564 
469,5793 
469,6395 
469,9484 
469,9994 
470,2076 
470,4785 
470,5793 
470,6338 
470,9484 
471,2076 
471,2564 
471,9484 
472,2076 
472,2564 
472,5793 
472,6395 
472,9484 
473,2076 
473,4785 
473,5016 
473,6338 
473,9484 
474,2076 
474,5793 
474,6395 
474,9484 
474,9994 
475,2564 
475,5016 
475,5793 
475,6395 
475,9994 
476,2076 
476,2564 
476,5016 
476,6395 
476,9484 
476,9994 
477,2076 
477,9484 
478,2564 
478,5793 
478,6395 
478,9994 
479,2076 
479,5016 
479,5793 
479,6395 
479,9484 
479,9994 
480,2076 
480,2564 
480,5793 
480,6395 
480,9484 
480,9994 
481,2076 
481,2564 
481,5016 
481,5793 
481,6395 
481,9484 
481,9994 
482,2076 
482,2564 
482,5793 
482,6395 
482,9484 
482,9994 
483,2076 
483,2564 
483,5793 
483,6395 
483,9484 
484,2564 
484,5016 
484,5793 
484,6395 
485,2076 
485,5793 
485,6395 
485,9484 
485,9994 
486,2076 
486,9484 
487,5793 
487,6395 
487,9994 
488,2076 
488,2564 
488,5793 
488,6395 
488,9484 
488,9994 
489,2076 
489,2564 
489,5016 
489,5793 
489,6395 
489,9484 
489,9994 
490,2564 
490,4785 
490,5793 
490,6395 
490,9994 
491,2564 
491,5016 
491,5793 
491,6395 
491,9994 
492,2076 
492,2564 
492,5793 
492,9484 
493,2076 
493,4785 
493,6338 
493,9484 
494,2076 
494,2564 
494,5793 
494,6395 
494,9484 
494,9994 
495,2076 
495,2564 
495,5793 
495,6395 
495,9484 
495,9994 
496,2076 
496,2564 
496,6395 
496,9484 
496,9994 
497,2076 
497,9484 
498,2076 
498,9484 
499,2564 
499,5793 
499,6395 
499,9994 
500,2564 
500,5793 
500,6395 
501,2076 
501,2564 
501,9484 
502,2564 
502,5793 
502,9994 
